id,url,title,tags,type
m1,m1.jpg,Success Kid,"home,funny",image
m2,m2.jpg,Distracted Boyfriend,"school,exam,funny,reactive",image
m3,m3.jpg,Crying Jordan,"reactive,funny,home",image
m4,m4.jpg,Doge,"home,funny,reactive",image
m5,m5.jpg,Evil Kermit,"life,funny,reactive",image
m6,m6.jpg,Blinking Guy,"reactive,funny,childhood",image
m7,m7.jpg,Two Buttons,"funny,reactive,life,childhood,school",image
m8,m8.jpg,Spongebob,"funny,life,scary",image
m9,m9.jpg,Drake,"funny,life,reactive,cool",image
m10,m10.jpg,Change My Mind,"funny,home,life,scary",image
m11,m11.jpg,Left Exit 12,"funny,home,lazy,reactive",image
m12,m12.jpg,Expanding Brain,"funny,reactive,school,exam,acting",image
m13,m13.jpg,Surprised Pikachu,"funny,scary,life",image
m14,m14.jpg,Panik Kalm Panik,"funny,school,exam",image
m15,m15.jpg,Is This A Pigeon,"funny,lockdown",image
m16,m16.jpg,They're The Same Picture,"funny,school,reactive",image
m17,m17.jpg,Woman Yelling At Cat,"funny,house,lazy",image
m18,m18.jpg,I Bet He's Thinking,"funny,school,reactive",image
m19,m19.jpg,Back In My Day,"funny,life,school",image
m20,m20.jpg,Nick Young Confused,"funny,life,house",image
m21,m21.jpg,Disaster Girl,"funny,house,parents",image
m22,m22.jpg,Phone Bad,"phone,funny,reactive",image
m23,m23.jpg,This Is Fine,"funny,house,parents,reactive",image
m24,m24.jpg,First World Problems,"life,funny,dumb",image
m25,m25.jpg,One Does Not Simply,"funny,lockdown,life,reactive",image
m26,m26.jpg,Ancient Aliens,"parents,phone,funny,house,childhood",image
m27,m27.jpg,Socially Awkward Penguin,"house,funny,parents",image
m28,m28.jpg,Grumpy Cat,"lockdown,funny,parents",image
m29,m29.jpg,Good Guy Greg,"funny,iit,parents,house",image
m30,m30.jpg,Forever Alone,"relationship,funny",image
m31,m31.jpg,Scumbag Steve,"house,parents,funny,reactive",image
m32,m32.jpg,Bad Luck Brian,"funny,school,college",image
m33,m33.jpg,Success Baby,"funny,parents,reactive",image
m34,m34.jpg,Trollface,"funny",image
m35,m35.jpg,Money Money,"paisa,funny",image
m36,m36.jpg,That Would Be Great,"life,funny",image
m37,m37.jpg,College vs School,"college,school,life,cool",image
m38,m38.jpg,Exam Time,"exam,funny,school",image
m39,m39.jpg,Math Lady,"funny,school,exam",image
m40,m40.jpg,Group Project,"funny,friends,students,school,reactive",image
m41,m41.jpg,Phone Addict,"phone,life,funny",image
m42,m42.jpg,Parent Expectations,"house,parents,funny",image
m43,m43.jpg,Notification Overload,"phone,funny",image
m44,m44.jpg,Unwanted Guests,"guests,funny,house",image
v1,v1.mp4,Exam Stress,"exam,school,funny,college,students",video
v2,v2.mp4,Teacher Life,"school,funny,teacher,life",video
v3,v3.mp4,God Level,"funny,life,god",video
v4,v4.mp4,Guests Arriving,"funny,guests,house,parents",video
v5,v5.mp4,Life Struggle,"funny,life",video
v6,v6.mp4,College Vs Reality,"funny,school,college",video
v7,v7.mp4,Parent Expectations,"funny,parents,house",video
v8,v8.mp4,Student Life,"funny,school,college,life",video
v9,v9.mp4,Family Dinner,"funny,parents,house,relationship",video
v10,v10.mp4,Funny Moment,"funny",video
v11,v11.mp4,Irritated,"funny,life,irritated",video
v12,v12.mp4,Vacation Time,"funny,vacations,students",video
v13,v13.mp4,Exam Preparation,"funny,exam,school,college",video